merchant_pid,ean,brand,title,description,url,image_url,price_gbp,in_stock,captured_on
BPB-MAGB-500T-0060,5060343744486,Bulk,Magnesium Bisglycinate Tablets - 60 Tablets,"Directions: Take 2 tablets per day, spaced evenly apart and ideally with food. || Ingredients: Magnesium Bisglycinate, Bulking Agents (Microcrystalline Cellulose, Di-Calcium Phosphate), Anti-Caking Agents (Silicon Dioxide, Magnesium Stearate), Glazing Agents (Hydroxypropyl Methyl Cellulose, Glycerol). | Suitable For | Halal, Vegan, Vegetarian, GLP1-Friendly* || Nutrition: Active Ingredients | [Ingredient ; Per Serving (2 Tablets) ; Reference Intake of an average adult (%)] | [Magnesium Bisglycinate ; 1000 mg] | [of which Magnesium ; 200 mg ; 53]",https://www.bulk.com/uk/products/magnesium-bisglycinate-tablets/bpb-magb-0000,https://www.bulk.com/media/catalog/product/m/a/magnesium_bisglycinate_main_image_1_UK_17cd.jpg,5.99,1,2026-09-17
BPB-MAGB-500T-0180,5060343744493,Bulk,Magnesium Bisglycinate Tablets - 180 Tablets,"Directions: Take 2 tablets per day, spaced evenly apart and ideally with food. || Ingredients: Magnesium Bisglycinate, Bulking Agents (Microcrystalline Cellulose, Di-Calcium Phosphate), Anti-Caking Agents (Silicon Dioxide, Magnesium Stearate), Glazing Agents (Hydroxypropyl Methyl Cellulose, Glycerol). | Suitable For | Halal, Vegan, Vegetarian, GLP1-Friendly* || Nutrition: Active Ingredients | [Ingredient ; Per Serving (2 Tablets) ; Reference Intake of an average adult (%)] | [Magnesium Bisglycinate ; 1000 mg] | [of which Magnesium ; 200 mg ; 53]",https://www.bulk.com/uk/products/magnesium-bisglycinate-tablets/bpb-magb-0000,https://www.bulk.com/media/catalog/product/m/a/magnesium_bisglycinate_main_image_1_UK_17cd.jpg,14.99,1,2026-09-17
BPB-VD3T-5000-0090,5060343744011,Bulk,Vitamin D3 Tablets - 90 Tablets,"Directions: Take 1 tablet per day, ideally with food. || Ingredients: Bulking Agents (Calcium Carbonate, Microcrystalline Cellulose), Vitamin D3 Preparation (Maltodextrin, Starch, Sucrose, Cholecalciferol), Anti-Caking Agent (Magnesium Stearate). | Suitable For | Vegetarian, Halal, GLP1-Friendly* || Nutrition: Active Ingredients | [Ingredient ; Per Serving (1 Tablet) ; Reference Intake of an average adult (%)] | [Vitamin D3 (Cholecalciferol) ; 100μg ; 2000]",https://www.bulk.com/uk/products/vitamin-d3-tablets/bpb-vd3t-0000,https://www.bulk.com/media/catalog/product/B/P/BPB_VD3T_5000_Main_Image_eae5.jpg,5.99,1,2026-09-17
BPB-VD3T-5000-0270,5060343744028,Bulk,Vitamin D3 Tablets - 270 Tablets,"Directions: Take 1 tablet per day, ideally with food. || Ingredients: Bulking Agents (Calcium Carbonate, Microcrystalline Cellulose), Vitamin D3 Preparation (Maltodextrin, Starch, Sucrose, Cholecalciferol), Anti-Caking Agent (Magnesium Stearate). | Suitable For | Vegetarian, Halal, GLP1-Friendly* || Nutrition: Active Ingredients | [Ingredient ; Per Serving (1 Tablet) ; Reference Intake of an average adult (%)] | [Vitamin D3 (Cholecalciferol) ; 100μg ; 2000]",https://www.bulk.com/uk/products/vitamin-d3-tablets/bpb-vd3t-0000,https://www.bulk.com/media/catalog/product/B/P/BPB_VD3T_5000_Main_Image_eae5.jpg,14.49,1,2026-09-17
BPB-KS66-0500-0030,5055950621077,Bulk,KSM Ashwagandha Capsules - 30 Capsules,"Directions: Consume 1 capsules per day, with food. || Ingredients: KSM-66® Ashwagandha Root Extract, Capsule Shell (Hydroxypropyl Methyl Cellulose), Bulking Agent (Microcrystalline Cellulose), Anti-Caking Agents (Tricalcium Phosphate, Magnesium Stearate). | Suitable For | Halal, Vegan, Vegetarian || Nutrition: Active Ingredients | [Ingredient ; Per Serving (1 Capsule)] | [KSM-66® Ashwagandha ; 500mg (5% Withanolides)]",https://www.bulk.com/uk/products/ashwagandha-capsules/bpb-ks66-0500,https://www.bulk.com/media/catalog/product/B/P/BPB_KS66_0500__1__93f2.jpg,7.99,1,2026-09-17
BPB-KS66-0500-0090,5055950612891,Bulk,KSM Ashwagandha Capsules - 90 Capsules,"Directions: Consume 1 capsules per day, with food. || Ingredients: KSM-66® Ashwagandha Root Extract, Capsule Shell (Hydroxypropyl Methyl Cellulose), Bulking Agent (Microcrystalline Cellulose), Anti-Caking Agents (Tricalcium Phosphate, Magnesium Stearate). | Suitable For | Halal, Vegan, Vegetarian || Nutrition: Active Ingredients | [Ingredient ; Per Serving (1 Capsule)] | [KSM-66® Ashwagandha ; 500mg (5% Withanolides)]",https://www.bulk.com/uk/products/ashwagandha-capsules/bpb-ks66-0500,https://www.bulk.com/media/catalog/product/B/P/BPB_KS66_0500__1__93f2.jpg,17.99,1,2026-09-17
BPB-VB12-1000-0060,5060343746695,Bulk,Vitamin B12 Tablets 1000mcg - 60 Tablets,"Directions: Take 1 tablet per day, preferably with food. || Ingredients: Bulking Agents (Dicalcium Phosphate, Microcrystalline Cellulose), Anti-Caking Agents (Magnesium Stearate, Silicon Dioxide), Vitamin B12 (Methylcobalamin). | Suitable For | GLP1-Friendly*, Halal, Vegetarian, Vegan || Nutrition: Active Ingredients | [Ingredient ; Per Serving (1 Tablet) ; Reference Intake of an average adult (%)] | [Vitamin B12 ; 1000μg (Methylcobalamin) ; 40000]",https://www.bulk.com/uk/products/vitamin-b12-tablets-1000-mcg/bpb-vb12-0000,https://www.bulk.com/media/catalog/product/B/P/BPB_VB12_1000_Main_Image_2c3b.jpg,2.49,1,2026-09-17
BPB-VB12-1000-0180,5060343746701,Bulk,Vitamin B12 Tablets 1000mcg - 180 Tablets,"Directions: Take 1 tablet per day, preferably with food. || Ingredients: Bulking Agents (Dicalcium Phosphate, Microcrystalline Cellulose), Anti-Caking Agents (Magnesium Stearate, Silicon Dioxide), Vitamin B12 (Methylcobalamin). | Suitable For | GLP1-Friendly*, Halal, Vegetarian, Vegan || Nutrition: Active Ingredients | [Ingredient ; Per Serving (1 Tablet) ; Reference Intake of an average adult (%)] | [Vitamin B12 ; 1000μg (Methylcobalamin) ; 40000]",https://www.bulk.com/uk/products/vitamin-b12-tablets-1000-mcg/bpb-vb12-0000,https://www.bulk.com/media/catalog/product/B/P/BPB_VB12_1000_Main_Image_2c3b.jpg,4.99,1,2026-09-17
BPB-OZIN-0030-0090,5060343745315,Bulk,OptiZinc Tablets - 90 Tablets,"Directions: Take 1 tablet per day, ideally with food. || Ingredients: Bulking Agents (Microcrystalline Cellulose, Dicalcium Phosphate), Zinc Monomethionine (OptiZinc®), Anti-Caking Agent (Magnesium Stearate). | Suitable For | Vegetarian, Vegan, Halal || Nutrition: Active Ingredients | [Ingredient ; Per Serving (1 Tablet) ; Reference Intake of an average adult (%)] | [Zinc ; 6 mg ; 60]",https://www.bulk.com/uk/products/optizinc-tablets/bpb-ozin-0000,https://www.bulk.com/media/catalog/product/B/P/BPB_OZIN_0030_Main_Image_fbfa.jpg,6.99,1,2026-09-17
BPB-OZIN-0030-0270,5060343745322,Bulk,OptiZinc Tablets - 270 Tablets,"Directions: Take 1 tablet per day, ideally with food. || Ingredients: Bulking Agents (Microcrystalline Cellulose, Dicalcium Phosphate), Zinc Monomethionine (OptiZinc®), Anti-Caking Agent (Magnesium Stearate). | Suitable For | Vegetarian, Vegan, Halal || Nutrition: Active Ingredients | [Ingredient ; Per Serving (1 Tablet) ; Reference Intake of an average adult (%)] | [Zinc ; 6 mg ; 60]",https://www.bulk.com/uk/products/optizinc-tablets/bpb-ozin-0000,https://www.bulk.com/media/catalog/product/B/P/BPB_OZIN_0030_Main_Image_fbfa.jpg,17.49,1,2026-09-17
BPB-VITC-1000-0090,5060343743229,Bulk,Vitamin C Tablets - 90 Tablets,"Directions: Take 1 tablet per day, ideally with food. || Ingredients: Vitamin C (Ascorbic Acid), Bulking Agent (Microcrystalline Cellulose), Anti-Caking Agents (Magnesium Stearate, Silicon Dioxide). | Suitable For | Vegetarian, Halal, Vegan || Nutrition: Active Ingredients | [Ingredient ; Per Serving (1 Tablet) ; Reference Intake of an average adult (%)] | [Vitamin C ; 1000 mg ; 1250]",https://www.bulk.com/uk/products/vitamin-c-tablets-1000mg/bpb-vitc-t000,https://www.bulk.com/media/catalog/product/B/P/BPB_VITC_T000_Main_Image_65c7.jpg,6.49,1,2026-09-17
BPB-VITC-1000-0270,5060343743236,Bulk,Vitamin C Tablets - 270 Tablets,"Directions: Take 1 tablet per day, ideally with food. || Ingredients: Vitamin C (Ascorbic Acid), Bulking Agent (Microcrystalline Cellulose), Anti-Caking Agents (Magnesium Stearate, Silicon Dioxide). | Suitable For | Vegetarian, Halal, Vegan || Nutrition: Active Ingredients | [Ingredient ; Per Serving (1 Tablet) ; Reference Intake of an average adult (%)] | [Vitamin C ; 1000 mg ; 1250]",https://www.bulk.com/uk/products/vitamin-c-tablets-1000mg/bpb-vitc-t000,https://www.bulk.com/media/catalog/product/B/P/BPB_VITC_T000_Main_Image_65c7.jpg,14.99,1,2026-09-17
BPB-MAGC-3IN1-0090,5055950627673,Bulk,Magnesium Glycinate 3 in 1 - 90 Capsules,"Directions: Take 2 capsules per day, ideally with food. || Ingredients: Magnesium Bisglycinate, Magnesium Citrate, Magnesium Malate, Capsule Shell (Hydroxypropyl Methyl Cellulose), Anti-Caking Agent (Magnesium Stearate). | Suitable For | Vegan, Vegetarian, GLP1-Friendly* || Nutrition: Active Ingredients | [Ingredient ; Per Serving (2 capsules) ; Reference Intake of an average adult (%)] | [Magnesium Bisglycinate ; 1000 mg] | [Magnesium Citrate ; 414 mg] | [Magnesium Malate ; 400 mg] | [of which Magnesium ; 384 mg ; 102]",https://www.bulk.com/uk/products/magnesium-3-in-1/bpb-magc-3in1,https://www.bulk.com/media/catalog/product/M/A/MAG_3_IN_1_MAIN_IMAGE_5443.jpg,8.99,1,2026-09-17
BPB-MAGC-3IN1-0180,5055950628519,Bulk,Magnesium Glycinate 3 in 1 - 180 Capsules,"Directions: Take 2 capsules per day, ideally with food. || Ingredients: Magnesium Bisglycinate, Magnesium Citrate, Magnesium Malate, Capsule Shell (Hydroxypropyl Methyl Cellulose), Anti-Caking Agent (Magnesium Stearate). | Suitable For | Vegan, Vegetarian, GLP1-Friendly* || Nutrition: Active Ingredients | [Ingredient ; Per Serving (2 capsules) ; Reference Intake of an average adult (%)] | [Magnesium Bisglycinate ; 1000 mg] | [Magnesium Citrate ; 414 mg] | [Magnesium Malate ; 400 mg] | [of which Magnesium ; 384 mg ; 102]",https://www.bulk.com/uk/products/magnesium-3-in-1/bpb-magc-3in1,https://www.bulk.com/media/catalog/product/M/A/MAG_3_IN_1_MAIN_IMAGE_5443.jpg,16.99,1,2026-09-17
BPB-ZMAG-CAPS-0060,5055950625334,Bulk,Zinc & Magnesium Capsules - 60 Capsules,"Directions: HOW DO I USE IT? | Take 2 capsules once per day. For best results, avoid taking with dairy or other calcium-containing foods or supplements. || Ingredients: Magnesium Salt of Citric Acid, Capsule Shell (Hydroxypropyl Methyl Cellulose), Zinc Mono-L-Methionine Sulphate, Anti-Caking Agents (Magnesium Stearate, Silicon Dioxide). | Suitable For | GLP1-Friendly*, Vegan, Vegetarian || Nutrition: Active Ingredients | [Ingredient ; Per Serving ; Reference Intake of an average adult (%)] | [Magnesium ; 300 mg ; 80] | [Zinc ; 20 mg ; 200]",https://www.bulk.com/uk/products/zinc-magnesium-capsules/bpb-zmag-caps,https://www.bulk.com/media/catalog/product/B/P/BPB_ZMAG_CAPS_Main_Image_464f.jpg,7.99,1,2026-09-17
BPB-ZMAG-CAPS-0180,5055950625341,Bulk,Zinc & Magnesium Capsules - 180 Capsules,"Directions: HOW DO I USE IT? | Take 2 capsules once per day. For best results, avoid taking with dairy or other calcium-containing foods or supplements. || Ingredients: Magnesium Salt of Citric Acid, Capsule Shell (Hydroxypropyl Methyl Cellulose), Zinc Mono-L-Methionine Sulphate, Anti-Caking Agents (Magnesium Stearate, Silicon Dioxide). | Suitable For | GLP1-Friendly*, Vegan, Vegetarian || Nutrition: Active Ingredients | [Ingredient ; Per Serving ; Reference Intake of an average adult (%)] | [Magnesium ; 300 mg ; 80] | [Zinc ; 20 mg ; 200]",https://www.bulk.com/uk/products/zinc-magnesium-capsules/bpb-zmag-caps,https://www.bulk.com/media/catalog/product/B/P/BPB_ZMAG_CAPS_Main_Image_464f.jpg,19.99,1,2026-09-17
BPB-O3SS-1000-0090,5060343743410,Bulk,Super Strength Omega 3 - 90 Softgels,"Directions: Take 1 softgel, 3 times per day, with food. || Ingredients: Omega 3 | Fish | Oil, Softgel (Bovine Gelatin, Glycerin, Water), Antioxidant (Tocopherol-Rich Extract). | Suitable For | GLP1-Friendly* || Nutrition: Active Ingredients | [Ingredient ; Per Serving (3 SOFTGELS)] | [Omega 3 Fish Oil ; 3000 mg (providing EPA 990 mg, DHA 660 mg)]",https://www.bulk.com/uk/products/super-strength-omega-3-softgels/bpb-o3ss-0000,https://www.bulk.com/media/catalog/product/B/P/BPB_O3SS_1000_Main_Image_de10.jpg,11.99,1,2026-09-17
BPB-O3SS-1000-0270,5060343743427,Bulk,Super Strength Omega 3 - 270 Softgels,"Directions: Take 1 softgel, 3 times per day, with food. || Ingredients: Omega 3 | Fish | Oil, Softgel (Bovine Gelatin, Glycerin, Water), Antioxidant (Tocopherol-Rich Extract). | Suitable For | GLP1-Friendly* || Nutrition: Active Ingredients | [Ingredient ; Per Serving (3 SOFTGELS)] | [Omega 3 Fish Oil ; 3000 mg (providing EPA 990 mg, DHA 660 mg)]",https://www.bulk.com/uk/products/super-strength-omega-3-softgels/bpb-o3ss-0000,https://www.bulk.com/media/catalog/product/B/P/BPB_O3SS_1000_Main_Image_de10.jpg,32.99,1,2026-09-17
VSER-O3SS-0600-0060,5055950616608,Bulk,Vegan Super Strength Omega 3 Softgels - 60 Capsules,"Directions: Take 1 softgel, twice per day with food. || Ingredients: Algal Oil (DHA and EPA-rich oil from the microalgae Schizochytrium sp., Antioxidants (Tocopherol-rich Extract, Extracts of Rosemary)), Softgel Shell (Humectant (Glycerol), Modified Pea Starch, Gelling Agent (Carrageenan)). | Suitable For | Halal, Vegan, Vegetarian || Nutrition: Active Ingredients | [Ingredient ; Per Serving (2 Softgels)] | [Algal Oil ; 1200 mg (providing DHA 384 mg, EPA 128 mg)]",https://www.bulk.com/uk/products/vegan-super-strength-omega-3-softgels/vser-o3ss,https://www.bulk.com/media/catalog/product/V/S/VSER_O3SS_0600_Main_Image_c904.jpg,14.99,1,2026-09-17
BPB-CMON-0000-0100,5060343740853,Bulk,Creatine Monohydrate Powder - Unflavoured 100g,"Directions: How do I use it? | Mix 2 scoops (approximately 5g) with 200ml water in a shaker. | Have 1-2 servings daily || Ingredients: Creatine Monohydrate. | Suitable For | Halal, Vegan, Vegetarian || Nutrition: Active Ingredients | [Ingredient ; Per Serving] | [Creatine Monohydrate ; 5 g] | [of which Creatine ; 4.4 g]",https://www.bulk.com/uk/products/creatine-monohydrate/bpb-cmon-0000,https://www.bulk.com/media/catalog/product/M/a/Main_Image_Unflavoured_Creatine__2__a00e.jpg,4.99,1,2026-09-17
BPB-CMON-0000-0250,5055950627833,Bulk,Creatine Monohydrate Powder - Unflavoured 250g,"Directions: How do I use it? | Mix 2 scoops (approximately 5g) with 200ml water in a shaker. | Have 1-2 servings daily || Ingredients: Creatine Monohydrate. | Suitable For | Halal, Vegan, Vegetarian || Nutrition: Active Ingredients | [Ingredient ; Per Serving] | [Creatine Monohydrate ; 5 g] | [of which Creatine ; 4.4 g]",https://www.bulk.com/uk/products/creatine-monohydrate/bpb-cmon-0000,https://www.bulk.com/media/catalog/product/M/a/Main_Image_Unflavoured_Creatine__2__a00e.jpg,8.99,1,2026-09-17
BPB-CMON-0000-0500,5060343740860,Bulk,Creatine Monohydrate Powder - Unflavoured 500g,"Directions: How do I use it? | Mix 2 scoops (approximately 5g) with 200ml water in a shaker. | Have 1-2 servings daily || Ingredients: Creatine Monohydrate. | Suitable For | Halal, Vegan, Vegetarian || Nutrition: Active Ingredients | [Ingredient ; Per Serving] | [Creatine Monohydrate ; 5 g] | [of which Creatine ; 4.4 g]",https://www.bulk.com/uk/products/creatine-monohydrate/bpb-cmon-0000,https://www.bulk.com/media/catalog/product/M/a/Main_Image_Unflavoured_Creatine__2__a00e.jpg,10.99,1,2026-09-17
BPB-CMON-0000-1000,5060343740877,Bulk,Creatine Monohydrate Powder - Unflavoured 1kg,"Directions: How do I use it? | Mix 2 scoops (approximately 5g) with 200ml water in a shaker. | Have 1-2 servings daily || Ingredients: Creatine Monohydrate. | Suitable For | Halal, Vegan, Vegetarian || Nutrition: Active Ingredients | [Ingredient ; Per Serving] | [Creatine Monohydrate ; 5 g] | [of which Creatine ; 4.4 g]",https://www.bulk.com/uk/products/creatine-monohydrate/bpb-cmon-0000,https://www.bulk.com/media/catalog/product/M/a/Main_Image_Unflavoured_Creatine__2__a00e.jpg,19.99,1,2026-09-17
BPB-CMON-1000-0090,5055950602137,Bulk,Creatine Monohydrate Tablets - 90 Tablets,"Directions: Take 5 tablets per day. On training days consume approximately 30 minutes after exercise. || Ingredients: Creatine Monohydrate, Bulking Agent (Microcrystalline Cellulose), Glazing Agents (Hydroxypropyl Methyl Cellulose, Glycerine), Anti-Caking Agents (Magnesium Stearate, Silicon Dioxide). | Suitable For | Halal, Vegan, Vegetarian || Nutrition: Active Ingredients | [Ingredient ; Per Serving (5 Tablets)] | [Creatine Monohydrate ; 5 g] | [of which Creatine ; 4.4 g]",https://www.bulk.com/uk/products/creatine-monohydrate-tablets-1000mg/bpb-cmon-tabs,https://www.bulk.com/media/catalog/product/C/R/CREATINE_MONOHYDRATE_TABS_UK_1_e9d4.jpeg,6.99,1,2026-09-17
BPB-CMON-1000-0270,5055950602144,Bulk,Creatine Monohydrate Tablets - 270 Tablets,"Directions: Take 5 tablets per day. On training days consume approximately 30 minutes after exercise. || Ingredients: Creatine Monohydrate, Bulking Agent (Microcrystalline Cellulose), Glazing Agents (Hydroxypropyl Methyl Cellulose, Glycerine), Anti-Caking Agents (Magnesium Stearate, Silicon Dioxide). | Suitable For | Halal, Vegan, Vegetarian || Nutrition: Active Ingredients | [Ingredient ; Per Serving (5 Tablets)] | [Creatine Monohydrate ; 5 g] | [of which Creatine ; 4.4 g]",https://www.bulk.com/uk/products/creatine-monohydrate-tablets-1000mg/bpb-cmon-tabs,https://www.bulk.com/media/catalog/product/C/R/CREATINE_MONOHYDRATE_TABS_UK_1_e9d4.jpeg,19.99,1,2026-09-17
BPB-CMON-1000-0540,5055950606081,Bulk,Creatine Monohydrate Tablets - 540 Tablets,"Directions: Take 5 tablets per day. On training days consume approximately 30 minutes after exercise. || Ingredients: Creatine Monohydrate, Bulking Agent (Microcrystalline Cellulose), Glazing Agents (Hydroxypropyl Methyl Cellulose, Glycerine), Anti-Caking Agents (Magnesium Stearate, Silicon Dioxide). | Suitable For | Halal, Vegan, Vegetarian || Nutrition: Active Ingredients | [Ingredient ; Per Serving (5 Tablets)] | [Creatine Monohydrate ; 5 g] | [of which Creatine ; 4.4 g]",https://www.bulk.com/uk/products/creatine-monohydrate-tablets-1000mg/bpb-cmon-tabs,https://www.bulk.com/media/catalog/product/C/R/CREATINE_MONOHYDRATE_TABS_UK_1_e9d4.jpeg,34.99,1,2026-09-17
BPB-GUMY-ASAP-0060,5055950625914,Bulk,Ashwagandha Gummies - Apple 60 Gummies,"Directions: How do I use it? | Simply take two gummies per day and you’re all set. || Ingredients: Apple Flavour | Glucose Syrup, Sucrose, Water, Ashwagandha Extract 10:1 (Withania somnifera), Acidity Regulators (Citric Acid, Sodium Citrate), Apple Juice Concentrate, Gelling Agent (Pectin), Natural Flavouring, Black Carrot Juice Concentrate, Vegetable Oil, Glazing Agent (Carnauba Wax), Vitamin B6 (Pyridoxine Hydrochloride). | Suitable For | Vegan, Vegetarian || Nutrition: Active Ingredients | [Ingredient ; Per Serving (2 gummies) ; Reference Intake of an average adult (%)] | [Ashwagandha Extract 10:1 ; 300 mg (3000 mg Ashwagandha equivalent)] | [Vitamin B6 ; 2.8 mg ; 200]",https://www.bulk.com/uk/products/ashwagandha-gummies/bpb-gumy-as,https://www.bulk.com/media/catalog/product/A/S/ASHWAGANDHA_GUMMIES_MAIN_IMAGE_2000X2000_JPEG_bba6.jpg,16.99,1,2026-09-17
BPB-GUMY-ASAP-0120,5055950626645,Bulk,Ashwagandha Gummies - Apple 120 Gummies,"Directions: How do I use it? | Simply take two gummies per day and you’re all set. || Ingredients: Apple Flavour | Glucose Syrup, Sucrose, Water, Ashwagandha Extract 10:1 (Withania somnifera), Acidity Regulators (Citric Acid, Sodium Citrate), Apple Juice Concentrate, Gelling Agent (Pectin), Natural Flavouring, Black Carrot Juice Concentrate, Vegetable Oil, Glazing Agent (Carnauba Wax), Vitamin B6 (Pyridoxine Hydrochloride). | Suitable For | Vegan, Vegetarian || Nutrition: Active Ingredients | [Ingredient ; Per Serving (2 gummies) ; Reference Intake of an average adult (%)] | [Ashwagandha Extract 10:1 ; 300 mg (3000 mg Ashwagandha equivalent)] | [Vitamin B6 ; 2.8 mg ; 200]",https://www.bulk.com/uk/products/ashwagandha-gummies/bpb-gumy-as,https://www.bulk.com/media/catalog/product/A/S/ASHWAGANDHA_GUMMIES_MAIN_IMAGE_2000X2000_JPEG_bba6.jpg,29.99,1,2026-09-17
